method,skill,run,Trial_1_Model,Trial_2_Model,Trial_3_Model,Trial_4_Model,Trial_5_Model,Trial_1_SVM,Trial_2_SVM,Trial_3_SVM,Trial_4_SVM,Trial_5_SVM,Acc_Full,Acc_Fea
DCT,Knot,3,0.0,0.0,0.0,0.0,0.0,0.63022506,0.5959596,0.37878788,0.59416443,0.53797466,0.0,0.54742235
DCT,Needle,3,0.0,0.0,0.0,0.0,0.0,0.19788918,0.5532995,0.21400778,0.546169,0.5446686,0.0,0.4112068
DCT,Suture,3,0.0,0.0,0.0,0.0,0.0,0.35734332,0.45033112,0.55585104,0.65373564,0.22818792,0.0,0.44908983
DCT,Knot,4,0.0,0.0,0.0,0.0,0.0,0.63022506,0.5959596,0.37878788,0.59416443,0.53797466,0.0,0.54742235
DCT,Needle,4,0.0,0.0,0.0,0.0,0.0,0.19788918,0.5532995,0.21400778,0.546169,0.5446686,0.0,0.4112068
DCT,Suture,4,0.0,0.0,0.0,0.0,0.0,0.35734332,0.45033112,0.55585104,0.65373564,0.22818792,0.0,0.44908983
