method,skill,run,Trial_1_Model,Trial_2_Model,Trial_3_Model,Trial_4_Model,Trial_5_Model,Trial_1_SVM,Trial_2_SVM,Trial_3_SVM,Trial_4_SVM,Trial_5_SVM,Acc_Full,Acc_Fea
DCT,Knot,3,0.0,0.0,0.0,0.0,0.0,0.7409836,0.67697597,0.45244217,0.67654985,0.61290324,0.0,0.63197094
DCT,Needle,3,0.0,0.0,0.0,0.0,0.0,0.24266666,0.548718,0.28094304,0.3300199,0.5539359,0.0,0.3912567
DCT,Suture,3,0.0,0.0,0.0,0.0,0.0,0.56026363,0.4381271,0.47785234,0.6748912,0.24787776,0.0,0.4798024
DCT,Knot,4,0.0,0.0,0.0,0.0,0.0,0.7409836,0.67697597,0.45244217,0.67654985,0.61290324,0.0,0.63197094
DCT,Needle,4,0.0,0.0,0.0,0.0,0.0,0.24266666,0.548718,0.28094304,0.3300199,0.5539359,0.0,0.3912567
DCT,Suture,4,0.0,0.0,0.0,0.0,0.0,0.56026363,0.4381271,0.47785234,0.6748912,0.24787776,0.0,0.4798024
