method,skill,run,Trial_1_Model,Trial_2_Model,Trial_3_Model,Trial_4_Model,Trial_5_Model,Trial_1_SVM,Trial_2_SVM,Trial_3_SVM,Trial_4_SVM,Trial_5_SVM,Acc_Full,Acc_Fea
DFT,Suture,3,0.40891472,0.59381443,0.4256757,0.40660736,0.39779004,0.40660736,0.39779004,0.40794572,0.59381443,0.4256757,0.0,0.44636667
DCT,Knot,3,0.0,0.0,0.0,0.0,0.0,0.5125,0.37908497,0.61576355,0.515625,0.601227,0.0,0.5248401
DCT,Needle,3,0.0,0.0,0.0,0.0,0.0,0.23834197,0.525,0.36398467,0.5538462,0.5511364,0.0,0.44646183
DCT,Suture,3,0.0,0.0,0.0,0.0,0.0,0.47874308,0.4495114,0.5144357,0.6242938,0.30592105,0.0,0.474581
DCT,Knot,4,0.0,0.0,0.0,0.0,0.0,0.5125,0.37908497,0.61576355,0.515625,0.601227,0.0,0.5248401
DCT,Needle,4,0.0,0.0,0.0,0.0,0.0,0.23834197,0.525,0.36398467,0.5538462,0.5511364,0.0,0.44646183
DCT,Suture,4,0.0,0.0,0.0,0.0,0.0,0.47874308,0.4495114,0.5144357,0.6242938,0.30592105,0.0,0.474581
